{
	"objectId": "lego2PM1e5heefta7",
	"name": "lego2",
	"ip": "192.168.1.8",
	"version": "1.7.0",
	"deactivated": true,
	"protocol": "R1",
	"tcs": "26FIr3",
	"x": 0,
	"y": 0,
	"scale": 1,
	"matrix": [],
	"visible": false,
	"visibleText": false,
	"visibleEditing": false,
	"developer": true,
	"memory": {
		"matrix": [
			-0.9980140924453735,
			-0.03710634633898735,
			-0.05648976564407349,
			0,
			-0.05164576321840286,
			1.16551673412323,
			0.4804401397705078,
			0,
			0.03606565296649933,
			0.6421995759010315,
			-0.8752063512802124,
			0,
			121.7186050415039,
			0.5918760895729065,
			1256.4931640625,
			1
		]
	},
	"links": {},
	"nodes": {
		"lego2PM1e5heefta7port 1": {
			"name": "port 1",
			"data": {
				"value": 0.7,
				"mode": "f",
				"unit": false,
				"unitMin": 0,
				"unitMax": 1
			},
			"x": 101.10054514719377,
			"y": 149.31751178239938,
			"scale": 1,
			"matrix": [],
			"type": "node",
			"stress": 0,
			"frameSizeX": 100,
			"frameSizeY": 100,
			"processedData": {
				"value": 0.7,
				"mode": "f",
				"unit": false,
				"unitMin": 0,
				"unitMax": 1
			}
		},
		"lego2PM1e5heefta7port 2": {
			"name": "port 2",
			"data": {
				"value": 0,
				"mode": "f",
				"unit": "",
				"unitMin": 0,
				"unitMax": 1
			},
			"x": -128.5718305909977,
			"y": 152.4075902471086,
			"scale": 1,
			"matrix": [],
			"type": "node",
			"stress": 0,
			"frameSizeX": 100,
			"frameSizeY": 100
		},
		"lego2PM1e5heefta7button": {
			"name": "button",
			"data": {
				"value": 0,
				"mode": "f",
				"unit": false,
				"unitMin": 0,
				"unitMax": 1
			},
			"x": -8.104134675719251,
			"y": -260.5845571607206,
			"scale": 1,
			"matrix": [],
			"type": "node",
			"stress": 0,
			"frameSizeX": 100,
			"frameSizeY": 100,
			"processedData": {
				"value": 0,
				"mode": "f",
				"unit": false,
				"unitMin": 0,
				"unitMax": 1
			}
		},
		"lego2PM1e5heefta7light": {
			"name": "light",
			"data": {
				"value": 1,
				"mode": "f",
				"unit": false,
				"unitMin": 0,
				"unitMax": 1
			},
			"x": -3.3579621620374382,
			"y": -497.98571401124354,
			"scale": 1,
			"matrix": [],
			"type": "node",
			"stress": 0,
			"frameSizeX": 100,
			"frameSizeY": 100,
			"processedData": {
				"value": 1,
				"mode": "f",
				"unit": false,
				"unitMin": 0,
				"unitMax": 1
			}
		}
	}
}